iter	Logloss
0	0.6419522345
1	0.6347386209
2	0.6331044732
3	0.6309090693
4	0.6295508549
5	0.6285826812
6	0.6272375647
7	0.6263684175
8	0.6256058902
9	0.6247455106
